{
	"bimodal" : false,
	"dimension" : 6,
	"size" : 3,
	"performancemode" : 0,
	"nbmixturecomponents" : 3,
	"varianceoffset_relative" : 1,
	"varianceoffset_absolute" : 0.2,
	"weight_regression" : 1,
	"models" : [
		{
			"label" : {
				"type" : "INT",
				"value" : 1
			},
			"GMM" : {
				"ProbabilisticModel" : {
					"flags" : 0,
					"bimodal" : false,
					"dimension" : 6,
					"EMStopCriterion" : {
						"minsteps" : 10,
						"maxsteps" : 0,
						"percentchg" : 0.01
					},
					"likelihoodwindow" : 1
				},
				"nbmixturecomponents" : 3,
				"varianceoffset_relative" : 1,
				"varianceoffset_absolute" : 0.2,
				"weight_regression" : 1,
				"mixturecoefficients" : [
					0.308778,
					0.35622,
					0.335002
				],
				"components" : [
					{
						"dimension" : 6,
						"dimension_input" : 0,
						"offset_relative" : 1,
						"offset_absolute" : 0.2,
						"weight_regression" : 1,
						"scale" : [
							0.002179,
							0.007226,
							0.007566,
							0.008634,
							0.013653,
							0.007019
						],
						"mean" : [
							-0.968227,
							-0.185484,
							0.732343,
							0.447957,
							-0.058422,
							-0.770181
						],
						"covariance" : [
							0.2,
							0.002358,
							0.00337,
							0.000997,
							-0.004511,
							-0.000124,
							0.002358,
							0.2,
							0.002635,
							0.00601,
							-0.002795,
							0.000858,
							0.00337,
							0.002635,
							0.2,
							0.001905,
							-0.009387,
							-0.00011,
							0.000997,
							0.00601,
							0.001905,
							0.2,
							-0.0012,
							-0.00114,
							-0.004511,
							-0.002795,
							-0.009387,
							-0.0012,
							0.2,
							0.002587,
							-0.000124,
							0.000858,
							-0.00011,
							-0.00114,
							0.002587,
							0.2
						]
					},
					{
						"dimension" : 6,
						"dimension_input" : 0,
						"offset_relative" : 1,
						"offset_absolute" : 0.2,
						"weight_regression" : 1,
						"scale" : [
							0.002179,
							0.007226,
							0.007566,
							0.008634,
							0.013653,
							0.007019
						],
						"mean" : [
							-0.968227,
							-0.185484,
							0.732343,
							0.447957,
							-0.058422,
							-0.770181
						],
						"covariance" : [
							0.2,
							0.002358,
							0.00337,
							0.000997,
							-0.004511,
							-0.000124,
							0.002358,
							0.2,
							0.002635,
							0.00601,
							-0.002795,
							0.000858,
							0.00337,
							0.002635,
							0.2,
							0.001905,
							-0.009387,
							-0.00011,
							0.000997,
							0.00601,
							0.001905,
							0.2,
							-0.0012,
							-0.00114,
							-0.004511,
							-0.002795,
							-0.009387,
							-0.0012,
							0.2,
							0.002587,
							-0.000124,
							0.000858,
							-0.00011,
							-0.00114,
							0.002587,
							0.2
						]
					},
					{
						"dimension" : 6,
						"dimension_input" : 0,
						"offset_relative" : 1,
						"offset_absolute" : 0.2,
						"weight_regression" : 1,
						"scale" : [
							0.002179,
							0.007226,
							0.007566,
							0.008634,
							0.013653,
							0.007019
						],
						"mean" : [
							-0.968227,
							-0.185484,
							0.732343,
							0.447957,
							-0.058422,
							-0.770181
						],
						"covariance" : [
							0.2,
							0.002358,
							0.00337,
							0.000997,
							-0.004511,
							-0.000124,
							0.002358,
							0.2,
							0.002635,
							0.00601,
							-0.002795,
							0.000858,
							0.00337,
							0.002635,
							0.2,
							0.001905,
							-0.009387,
							-0.00011,
							0.000997,
							0.00601,
							0.001905,
							0.2,
							-0.0012,
							-0.00114,
							-0.004511,
							-0.002795,
							-0.009387,
							-0.0012,
							0.2,
							0.002587,
							-0.000124,
							0.000858,
							-0.00011,
							-0.00114,
							0.002587,
							0.2
						]
					}
				]
			}
		},
		{
			"label" : {
				"type" : "INT",
				"value" : 2
			},
			"GMM" : {
				"ProbabilisticModel" : {
					"flags" : 0,
					"bimodal" : false,
					"dimension" : 6,
					"EMStopCriterion" : {
						"minsteps" : 10,
						"maxsteps" : 0,
						"percentchg" : 0.01
					},
					"likelihoodwindow" : 1
				},
				"nbmixturecomponents" : 3,
				"varianceoffset_relative" : 1,
				"varianceoffset_absolute" : 0.2,
				"weight_regression" : 1,
				"mixturecoefficients" : [
					0.336748,
					0.311291,
					0.351961
				],
				"components" : [
					{
						"dimension" : 6,
						"dimension_input" : 0,
						"offset_relative" : 1,
						"offset_absolute" : 0.2,
						"weight_regression" : 1,
						"scale" : [
							0.003165,
							0.003031,
							0.000766,
							0.001904,
							0.005954,
							0.000947
						],
						"mean" : [
							0.218071,
							-0.231193,
							-0.84467,
							-0.36754,
							0.368602,
							0.707196
						],
						"covariance" : [
							0.2,
							-0.000157,
							0.000141,
							0.002093,
							-0.003067,
							0.000945,
							-0.000157,
							0.2,
							0.000744,
							-0.000426,
							0.00185,
							-0.000853,
							0.000141,
							0.000744,
							0.2,
							-0.000041,
							-0.000389,
							-0.000195,
							0.002093,
							-0.000426,
							-0.000041,
							0.2,
							-0.001911,
							0.000757,
							-0.003067,
							0.00185,
							-0.000389,
							-0.001911,
							0.2,
							-0.000905,
							0.000945,
							-0.000853,
							-0.000195,
							0.000757,
							-0.000905,
							0.2
						]
					},
					{
						"dimension" : 6,
						"dimension_input" : 0,
						"offset_relative" : 1,
						"offset_absolute" : 0.2,
						"weight_regression" : 1,
						"scale" : [
							0.003165,
							0.003031,
							0.000766,
							0.001904,
							0.005954,
							0.000947
						],
						"mean" : [
							0.218071,
							-0.231193,
							-0.84467,
							-0.36754,
							0.368602,
							0.707196
						],
						"covariance" : [
							0.2,
							-0.000157,
							0.000141,
							0.002093,
							-0.003067,
							0.000945,
							-0.000157,
							0.2,
							0.000744,
							-0.000426,
							0.00185,
							-0.000853,
							0.000141,
							0.000744,
							0.2,
							-0.000041,
							-0.000389,
							-0.000195,
							0.002093,
							-0.000426,
							-0.000041,
							0.2,
							-0.001911,
							0.000757,
							-0.003067,
							0.00185,
							-0.000389,
							-0.001911,
							0.2,
							-0.000905,
							0.000945,
							-0.000853,
							-0.000195,
							0.000757,
							-0.000905,
							0.2
						]
					},
					{
						"dimension" : 6,
						"dimension_input" : 0,
						"offset_relative" : 1,
						"offset_absolute" : 0.2,
						"weight_regression" : 1,
						"scale" : [
							0.003165,
							0.003031,
							0.000766,
							0.001904,
							0.005954,
							0.000947
						],
						"mean" : [
							0.218071,
							-0.231193,
							-0.84467,
							-0.36754,
							0.368602,
							0.707196
						],
						"covariance" : [
							0.2,
							-0.000157,
							0.000141,
							0.002093,
							-0.003067,
							0.000945,
							-0.000157,
							0.2,
							0.000744,
							-0.000426,
							0.00185,
							-0.000853,
							0.000141,
							0.000744,
							0.2,
							-0.000041,
							-0.000389,
							-0.000195,
							0.002093,
							-0.000426,
							-0.000041,
							0.2,
							-0.001911,
							0.000757,
							-0.003067,
							0.00185,
							-0.000389,
							-0.001911,
							0.2,
							-0.000905,
							0.000945,
							-0.000853,
							-0.000195,
							0.000757,
							-0.000905,
							0.2
						]
					}
				]
			}
		},
		{
			"label" : {
				"type" : "INT",
				"value" : 3
			},
			"GMM" : {
				"ProbabilisticModel" : {
					"flags" : 0,
					"bimodal" : false,
					"dimension" : 6,
					"EMStopCriterion" : {
						"minsteps" : 10,
						"maxsteps" : 0,
						"percentchg" : 0.01
					},
					"likelihoodwindow" : 1
				},
				"nbmixturecomponents" : 3,
				"varianceoffset_relative" : 1,
				"varianceoffset_absolute" : 0.2,
				"weight_regression" : 1,